Loan_ID,Gender,Married,Dependents,Education,Self_Employed,ApplicantIncome,CoapplicantIncome,LoanAmount,Loan_Amount_Term,Credit_History,Property_Area,Loan_Status
LP001002,Laki-Laki,No,0,Lulus,No,84810500,0,0,360,1.0,Perkotaan,Y
LP001003,Laki-Laki,Yes,1,Lulus,No,66453500,21866000,1856000,360,1.0,Pedesaan,N
LP001005,Laki-Laki,Yes,0,Lulus,Yes,43500000,0,957000,360,1.0,Perkotaan,Y
LP001006,Laki-Laki,Yes,0,Belum Lulus,No,37453500,34191000,1740000,360,1.0,Perkotaan,Y
LP001008,Laki-Laki,No,0,Lulus,No,87000000,0,2044500,360,1.0,Perkotaan,Y
LP001011,Laki-Laki,Yes,2,Lulus,Yes,78546500,60842000,3871500,360,1.0,Perkotaan,Y
LP001013,Laki-Laki,Yes,0,Belum Lulus,No,33828500,21982000,1377500,360,1.0,Perkotaan,Y
LP001014,Laki-Laki,Yes,3+,Lulus,No,44022000,36308000,2291000,360,0.0,Semi Perkotaan,N
LP001018,Laki-Laki,Yes,2,Lulus,No,58087000,22127000,2436000,360,1.0,Perkotaan,Y
LP001020,Laki-Laki,Yes,1,Lulus,No,186194500,159036000,5060500,360,1.0,Semi Perkotaan,N
LP001024,Laki-Laki,Yes,2,Lulus,No,46400000,10150000,1015000,360,1.0,Perkotaan,Y
LP001027,Laki-Laki,Yes,2,Lulus,,36250000,26680000,1580500,360,1.0,Perkotaan,Y
LP001028,Laki-Laki,Yes,2,Lulus,No,44558500,117537000,2900000,360,1.0,Perkotaan,Y
LP001029,Laki-Laki,No,0,Lulus,No,26868500,41180000,1653000,360,1.0,Pedesaan,N
LP001030,Laki-Laki,Yes,2,Lulus,No,18835500,15747000,246500,120,1.0,Perkotaan,Y
LP001032,Laki-Laki,No,0,Lulus,No,71775000,0,1812500,360,1.0,Perkotaan,Y
LP001034,Laki-Laki,No,1,Belum Lulus,No,52142000,0,1450000,240,0.0,Perkotaan,Y
LP001036,Perempuan,No,0,Lulus,No,50895000,0,1102000,360,0.0,Perkotaan,N
LP001038,Laki-Laki,Yes,0,Belum Lulus,No,70861500,0,1928500,360,1.0,Pedesaan,N
LP001041,Laki-Laki,Yes,0,Lulus,,37700000,50750000,1667500,360,1.0,Perkotaan,Y
LP001043,Laki-Laki,Yes,0,Belum Lulus,No,111070000,0,1508000,360,0.0,Perkotaan,N
LP001046,Laki-Laki,Yes,1,Lulus,No,86347500,81562500,4567500,360,1.0,Perkotaan,Y
LP001047,Laki-Laki,Yes,0,Belum Lulus,No,37700000,27709500,1682000,360,0.0,Semi Perkotaan,N
LP001050,,Yes,2,Belum Lulus,No,48792500,27796500,1624000,360,0.0,Pedesaan,N
LP001052,Laki-Laki,Yes,1,Lulus,,53896500,42412500,2189500,360,0.0,Semi Perkotaan,N
LP001066,Laki-Laki,Yes,0,Lulus,Yes,138620000,0,2769500,360,1.0,Semi Perkotaan,Y
LP001068,Laki-Laki,Yes,0,Lulus,No,40585500,32668500,1769000,360,1.0,Semi Perkotaan,Y
LP001073,Laki-Laki,Yes,2,Belum Lulus,No,61277000,15080000,1595000,360,1.0,Perkotaan,Y
LP001086,Laki-Laki,No,0,Belum Lulus,No,20909000,0,507500,360,1.0,Perkotaan,N
LP001087,Perempuan,No,2,Lulus,,54375000,30203500,1740000,360,1.0,Semi Perkotaan,Y
LP001091,Laki-Laki,Yes,1,Lulus,,60407000,48850500,2914500,360,0.0,Perkotaan,N
LP001095,Laki-Laki,No,0,Lulus,No,45921500,0,1073000,360,1.0,Perkotaan,N
LP001097,Laki-Laki,No,1,Lulus,Yes,68034000,0,1537000,360,1.0,Pedesaan,N
LP001098,Laki-Laki,Yes,0,Lulus,No,50750000,24171500,1653000,360,1.0,Semi Perkotaan,Y
LP001100,Laki-Laki,No,3+,Lulus,No,181250000,43500000,4640000,360,1.0,Pedesaan,N
LP001106,Laki-Laki,Yes,0,Lulus,No,32987500,29971500,0,360,1.0,Perkotaan,Y
LP001109,Laki-Laki,Yes,0,Lulus,No,26506000,19285000,1450000,360,0.0,Perkotaan,N
LP001112,Perempuan,Yes,0,Lulus,No,53171500,21155500,2088000,360,1.0,Semi Perkotaan,Y
LP001114,Laki-Laki,No,0,Lulus,No,60407000,104545000,2668000,360,1.0,Perkotaan,Y
LP001116,Laki-Laki,No,0,Belum Lulus,No,54346000,24186000,1595000,360,1.0,Semi Perkotaan,Y
LP001119,Laki-Laki,No,0,Lulus,No,52200000,0,1160000,360,1.0,Perkotaan,N
LP001120,Laki-Laki,No,0,Lulus,No,26100000,17588500,681500,360,1.0,Perkotaan,Y
LP001123,Laki-Laki,Yes,0,Lulus,No,34800000,0,1087500,360,0.0,Perkotaan,Y
LP001131,Laki-Laki,Yes,0,Lulus,No,57144500,33872000,1943000,360,1.0,Semi Perkotaan,Y
LP001136,Laki-Laki,Yes,0,Belum Lulus,Yes,68077500,0,1392000,360,1.0,Perkotaan,Y
LP001137,Perempuan,No,0,Lulus,No,49445000,0,1276000,360,1.0,Perkotaan,Y
LP001138,Laki-Laki,Yes,1,Lulus,No,81910500,0,638000,360,1.0,Perkotaan,Y
LP001144,Laki-Laki,Yes,0,Lulus,No,84404500,0,2088000,360,1.0,Perkotaan,Y
LP001146,Perempuan,Yes,0,Lulus,No,38352500,49880000,1740000,360,0.0,Perkotaan,N
LP001151,Perempuan,No,0,Lulus,No,58000000,32987500,2088000,360,1.0,Semi Perkotaan,Y
LP001155,Perempuan,Yes,0,Belum Lulus,No,27956000,23838000,1450000,360,1.0,Semi Perkotaan,Y
LP001157,Perempuan,No,0,Lulus,No,44747000,0,1740000,360,1.0,Semi Perkotaan,Y
LP001164,Perempuan,No,0,Lulus,No,61335000,0,1624000,360,1.0,Semi Perkotaan,N
LP001179,Laki-Laki,Yes,2,Lulus,No,66932000,0,1943000,360,1.0,Perkotaan,N
LP001186,Perempuan,Yes,1,Lulus,Yes,166750000,0,4147000,360,0.0,Perkotaan,N
LP001194,Laki-Laki,Yes,2,Lulus,No,39266000,16921500,1406500,360,1.0,Semi Perkotaan,Y
LP001195,Laki-Laki,Yes,0,Lulus,No,30914000,23069500,1392000,360,1.0,Semi Perkotaan,Y
LP001197,Laki-Laki,Yes,0,Lulus,No,48807000,31900000,1957500,360,1.0,Pedesaan,N
LP001198,Laki-Laki,Yes,1,Lulus,No,117160000,32625000,2610000,360,1.0,Perkotaan,Y
LP001199,Laki-Laki,Yes,2,Belum Lulus,No,48676500,41455500,2088000,360,1.0,Perkotaan,Y
LP001205,Laki-Laki,Yes,0,Lulus,No,36250000,55042000,1740000,360,1.0,Perkotaan,Y
LP001206,Laki-Laki,Yes,3+,Lulus,No,43920500,0,1435500,360,1.0,Perkotaan,Y
LP001207,Laki-Laki,Yes,0,Belum Lulus,Yes,37830500,50010500,2392500,180,0.0,Pedesaan,N
LP001213,Laki-Laki,Yes,1,Lulus,No,71702500,0,0,360,0.0,Pedesaan,N
LP001222,Perempuan,No,0,Lulus,No,60407000,0,1682000,360,0.0,Semi Perkotaan,N
LP001225,Laki-Laki,Yes,0,Lulus,No,83027000,66627500,3741000,360,1.0,Semi Perkotaan,N
LP001228,Laki-Laki,No,0,Belum Lulus,No,46400000,32683000,1827000,180,0.0,Perkotaan,N
LP001233,Laki-Laki,Yes,1,Lulus,No,155875000,0,4524000,360,1.0,Perkotaan,Y
LP001238,Laki-Laki,Yes,3+,Belum Lulus,Yes,102950000,0,1812500,60,1.0,Perkotaan,Y
LP001241,Perempuan,No,0,Lulus,No,62350000,0,1972000,360,0.0,Semi Perkotaan,N
LP001243,Laki-Laki,Yes,0,Lulus,No,46516000,44457000,2494000,360,1.0,Perkotaan,Y
LP001245,Laki-Laki,Yes,2,Belum Lulus,Yes,27187500,27187500,1406500,360,1.0,Semi Perkotaan,Y
LP001248,Laki-Laki,No,0,Lulus,No,50750000,0,1174500,300,1.0,Semi Perkotaan,Y
LP001250,Laki-Laki,Yes,3+,Belum Lulus,No,68947500,0,1377500,360,0.0,Semi Perkotaan,N
LP001253,Laki-Laki,Yes,3+,Lulus,Yes,76357000,25723000,2711500,360,1.0,Semi Perkotaan,Y
LP001255,Laki-Laki,No,0,Lulus,No,54375000,0,1638500,480,1.0,Perkotaan,N
LP001256,Laki-Laki,No,0,Lulus,No,54375000,68875000,2552000,360,1.0,Perkotaan,N
LP001259,Laki-Laki,Yes,1,Lulus,Yes,14500000,43819000,1595000,360,1.0,Perkotaan,N
LP001263,Laki-Laki,Yes,3+,Lulus,No,45921500,58000000,2610000,300,0.0,Semi Perkotaan,N
LP001264,Laki-Laki,Yes,3+,Belum Lulus,Yes,48328500,31407000,1885000,360,0.0,Semi Perkotaan,Y
LP001265,Perempuan,No,0,Lulus,No,55767000,0,1609500,360,1.0,Semi Perkotaan,Y
LP001266,Laki-Laki,Yes,1,Lulus,Yes,34727500,0,0,360,1.0,Semi Perkotaan,Y
LP001267,Perempuan,Yes,2,Lulus,No,19981000,27274500,2421500,360,1.0,Perkotaan,N
LP001273,Laki-Laki,Yes,0,Lulus,No,87000000,32625000,3842500,360,0.0,Semi Perkotaan,N
LP001275,Laki-Laki,Yes,1,Lulus,No,57826000,0,725000,240,1.0,Perkotaan,Y
LP001279,Laki-Laki,No,0,Lulus,No,34307000,36699500,1972000,360,1.0,Semi Perkotaan,Y
LP001280,Laki-Laki,Yes,2,Belum Lulus,No,48328500,29000000,1435500,360,0.0,Semi Perkotaan,Y
LP001282,Laki-Laki,Yes,0,Lulus,No,36250000,30711000,1508000,360,1.0,Semi Perkotaan,Y
LP001289,Laki-Laki,No,0,Lulus,No,124207000,0,3045000,360,1.0,Perkotaan,Y
LP001310,Laki-Laki,Yes,0,Lulus,No,82577500,60421500,2537500,360,1.0,Semi Perkotaan,Y
LP001316,Laki-Laki,Yes,0,Lulus,No,42891000,42050000,1899500,360,1.0,Semi Perkotaan,Y
LP001318,Laki-Laki,Yes,2,Lulus,No,90625000,81983000,2726000,180,1.0,Semi Perkotaan,Y
LP001319,Laki-Laki,Yes,2,Belum Lulus,No,47458500,26390000,1174500,360,1.0,Perkotaan,Y
LP001322,Laki-Laki,No,0,Lulus,No,59928500,0,1769000,360,1.0,Semi Perkotaan,Y
LP001325,Laki-Laki,No,0,Belum Lulus,No,52490000,0,362500,120,1.0,Semi Perkotaan,Y
LP001326,Laki-Laki,No,0,Lulus,,98339000,0,0,360,0.0,Perkotaan,N
LP001327,Perempuan,Yes,0,Lulus,No,36018000,33379000,1986500,360,1.0,Semi Perkotaan,Y
LP001333,Laki-Laki,Yes,0,Lulus,No,28666500,14456500,725000,360,1.0,Semi Perkotaan,Y
LP001334,Laki-Laki,Yes,0,Belum Lulus,No,60726000,0,1667500,180,1.0,Semi Perkotaan,Y
LP001343,Laki-Laki,Yes,0,Lulus,No,25505500,51344500,1899500,360,1.0,Semi Perkotaan,Y
LP001345,Laki-Laki,Yes,2,Belum Lulus,No,62176000,47313500,1928500,180,1.0,Perkotaan,Y
LP001349,Laki-Laki,No,0,Lulus,No,70223500,55187000,2189500,360,1.0,Semi Perkotaan,Y
LP001350,Laki-Laki,Yes,,Lulus,No,197925000,0,0,360,1.0,Perkotaan,Y
LP001356,Laki-Laki,Yes,0,Lulus,No,67454000,51953500,0,360,1.0,Semi Perkotaan,Y
LP001357,Laki-Laki,,,Lulus,No,55332000,10933000,2320000,360,1.0,Perkotaan,Y
LP001367,Laki-Laki,Yes,1,Lulus,No,44254000,14935000,1450000,360,1.0,Perkotaan,Y
LP001369,Laki-Laki,Yes,2,Lulus,No,165546500,16327000,3262500,360,1.0,Perkotaan,Y
LP001370,Laki-Laki,No,0,Belum Lulus,,106328500,0,1740000,360,1.0,Pedesaan,N
LP001379,Laki-Laki,Yes,2,Lulus,No,55100000,52200000,3132000,360,0.0,Perkotaan,N
LP001384,Laki-Laki,Yes,3+,Belum Lulus,No,30029500,10933000,1363000,480,1.0,Semi Perkotaan,Y
LP001385,Laki-Laki,No,0,Lulus,No,77082000,0,1972000,360,1.0,Perkotaan,Y
LP001387,Perempuan,Yes,0,Lulus,,42470500,33828500,2015500,360,1.0,Semi Perkotaan,Y
LP001391,Laki-Laki,Yes,0,Belum Lulus,No,51794000,59653000,2204000,360,0.0,Pedesaan,N
LP001392,Perempuan,No,1,Lulus,Yes,108039500,0,0,360,1.0,Semi Perkotaan,Y
LP001398,Laki-Laki,No,0,Lulus,,73225000,0,1711000,360,1.0,Semi Perkotaan,Y
LP001401,Laki-Laki,Yes,1,Lulus,No,211453500,0,2682500,180,1.0,Pedesaan,Y
LP001404,Perempuan,Yes,0,Lulus,No,45921500,33103500,2233000,360,1.0,Semi Perkotaan,Y
LP001405,Laki-Laki,Yes,1,Lulus,No,32103000,20271000,1232500,360,0.0,Perkotaan,Y
LP001421,Laki-Laki,Yes,0,Lulus,No,80736000,31059000,2537500,360,1.0,Pedesaan,N
LP001422,Perempuan,No,0,Lulus,No,150916000,0,3755500,360,1.0,Perkotaan,Y
LP001426,Laki-Laki,Yes,,Lulus,No,82171500,38671500,2610000,360,1.0,Pedesaan,Y
LP001430,Perempuan,No,0,Lulus,No,60407000,0,638000,360,1.0,Semi Perkotaan,Y
LP001431,Perempuan,No,0,Lulus,No,30986500,130210000,1986500,360,0.0,Semi Perkotaan,Y
LP001432,Laki-Laki,Yes,2,Lulus,No,42876500,0,1174500,360,1.0,Semi Perkotaan,Y
LP001439,Laki-Laki,Yes,0,Belum Lulus,No,62350000,29203000,2813000,360,1.0,Pedesaan,Y
LP001443,Perempuan,No,0,Lulus,No,53534000,0,1348500,360,0.0,Pedesaan,Y
LP001448,,Yes,3+,Lulus,No,345143500,0,5365000,360,1.0,Pedesaan,Y
LP001449,Laki-Laki,No,0,Lulus,No,56042500,23780000,0,360,1.0,Pedesaan,Y
LP001451,Laki-Laki,Yes,1,Lulus,Yes,152438500,55825000,2320000,180,0.0,Perkotaan,N
LP001465,Laki-Laki,Yes,0,Lulus,No,88160000,37250500,2639000,360,0.0,Pedesaan,N
LP001469,Laki-Laki,No,0,Lulus,Yes,292407000,0,9425000,480,0.0,Perkotaan,Y
LP001473,Laki-Laki,No,0,Lulus,No,29203000,27970500,1073000,360,1.0,Perkotaan,Y
LP001478,Laki-Laki,No,0,Lulus,No,39411000,0,1015000,360,1.0,Semi Perkotaan,Y
LP001482,Laki-Laki,Yes,0,Lulus,Yes,50155500,0,362500,120,1.0,Semi Perkotaan,Y
LP001487,Laki-Laki,No,0,Lulus,No,70977500,0,1479000,360,1.0,Semi Perkotaan,Y
LP001488,Laki-Laki,Yes,3+,Lulus,No,58000000,112375000,4205000,360,1.0,Semi Perkotaan,N
LP001489,Perempuan,Yes,0,Lulus,No,66453500,0,1218000,360,1.0,Pedesaan,N
LP001491,Laki-Laki,Yes,2,Lulus,Yes,48082000,50750000,1276000,360,1.0,Perkotaan,Y
LP001492,Laki-Laki,No,0,Lulus,No,217485500,0,3509000,360,0.0,Semi Perkotaan,N
LP001493,Laki-Laki,Yes,2,Belum Lulus,No,60900000,20735000,1870500,360,1.0,Pedesaan,N
LP001497,Laki-Laki,Yes,2,Lulus,No,73109000,30203500,2682500,360,1.0,Pedesaan,N
LP001498,Laki-Laki,No,0,Lulus,No,78546500,0,2436000,360,1.0,Perkotaan,Y
LP001504,Laki-Laki,No,0,Lulus,Yes,100775000,0,2537500,180,1.0,Semi Perkotaan,Y
LP001507,Laki-Laki,Yes,0,Lulus,No,39121000,29493000,1769000,360,1.0,Semi Perkotaan,Y
LP001508,Laki-Laki,Yes,2,Lulus,No,170476500,0,2711500,180,1.0,Perkotaan,Y
LP001514,Perempuan,Yes,0,Lulus,No,33785000,65047000,1450000,360,1.0,Semi Perkotaan,Y
LP001516,Perempuan,Yes,2,Lulus,No,215557000,0,1015000,360,1.0,Perkotaan,Y
LP001518,Laki-Laki,Yes,1,Lulus,No,22301000,20662500,435000,360,1.0,Perkotaan,Y
LP001519,Perempuan,No,0,Lulus,No,145000000,24157000,3262500,360,1.0,Pedesaan,N
LP001520,Laki-Laki,Yes,0,Lulus,No,70470000,12035000,1812500,360,1.0,Semi Perkotaan,Y
LP001528,Laki-Laki,No,0,Lulus,No,91016500,0,1711000,360,0.0,Pedesaan,N
LP001529,Laki-Laki,Yes,0,Lulus,Yes,37366500,54375000,2204000,360,1.0,Pedesaan,Y
LP001531,Laki-Laki,No,0,Lulus,No,132907000,0,3538000,360,1.0,Perkotaan,N
LP001532,Laki-Laki,Yes,2,Belum Lulus,No,33074500,0,1638500,360,1.0,Pedesaan,N
LP001535,Laki-Laki,No,0,Lulus,No,47183000,0,725000,360,1.0,Perkotaan,Y
LP001536,Laki-Laki,Yes,3+,Lulus,No,579985500,0,8700000,180,0.0,Semi Perkotaan,Y
LP001541,Laki-Laki,Yes,1,Lulus,No,87000000,0,2320000,360,0.0,Pedesaan,Y
LP001543,Laki-Laki,Yes,1,Lulus,No,138301000,0,2711500,360,1.0,Perkotaan,Y
LP001546,Laki-Laki,No,0,Lulus,,43210000,30203500,1740000,360,1.0,Pedesaan,Y
LP001552,Laki-Laki,Yes,0,Lulus,No,66453500,81562500,3697500,360,1.0,Semi Perkotaan,Y
LP001560,Laki-Laki,Yes,0,Belum Lulus,No,27013500,15094500,1421000,360,1.0,Semi Perkotaan,Y
LP001562,Laki-Laki,Yes,0,Lulus,No,115028500,0,3987500,360,1.0,Perkotaan,N
LP001565,Laki-Laki,Yes,1,Lulus,No,44790500,18560000,1754500,360,0.0,Semi Perkotaan,N
LP001570,Laki-Laki,Yes,2,Lulus,No,60421500,20981500,2291000,360,1.0,Pedesaan,Y
LP001572,Laki-Laki,Yes,0,Lulus,No,135183500,0,1087500,180,1.0,Perkotaan,Y
LP001574,Laki-Laki,Yes,0,Lulus,No,53751500,45907000,2639000,360,1.0,Pedesaan,Y
LP001577,Perempuan,Yes,0,Lulus,No,66453500,0,1624000,360,1.0,Pedesaan,N
LP001578,Laki-Laki,Yes,0,Lulus,No,35365500,48328500,1870500,360,1.0,Pedesaan,Y
LP001579,Laki-Laki,No,0,Lulus,No,32436500,0,913500,480,0.0,Semi Perkotaan,N
LP001580,Laki-Laki,Yes,2,Lulus,No,116000000,0,2900000,360,1.0,Semi Perkotaan,Y
LP001581,Laki-Laki,Yes,0,Belum Lulus,,26390000,25650500,1377500,360,1.0,Pedesaan,Y
LP001585,,Yes,3+,Lulus,No,750563500,0,10150000,300,1.0,Perkotaan,Y
LP001586,Laki-Laki,Yes,3+,Belum Lulus,No,51069000,0,1174500,180,1.0,Pedesaan,N
LP001594,Laki-Laki,Yes,0,Lulus,No,82766000,81562500,2711500,360,1.0,Semi Perkotaan,Y
LP001603,Laki-Laki,Yes,0,Belum Lulus,Yes,62988000,10672000,1261500,360,1.0,Semi Perkotaan,N
LP001606,Laki-Laki,Yes,0,Lulus,No,50706500,28478000,1682000,360,1.0,Pedesaan,Y
LP001608,Laki-Laki,Yes,2,Lulus,No,29652500,23475500,1464500,360,1.0,Pedesaan,Y
LP001610,Laki-Laki,Yes,3+,Lulus,No,79982000,163850000,7177500,360,0.0,Semi Perkotaan,N
LP001616,Laki-Laki,Yes,1,Lulus,No,54375000,0,1682000,360,1.0,Semi Perkotaan,Y
LP001630,Laki-Laki,No,0,Belum Lulus,No,33828500,21039500,1479000,480,0.0,Perkotaan,N
LP001633,Laki-Laki,Yes,1,Lulus,No,92800000,105125000,2610000,360,0.0,Perkotaan,N
LP001634,Laki-Laki,No,0,Lulus,No,27782000,73413500,971500,360,0.0,Pedesaan,N
LP001636,Laki-Laki,Yes,0,Lulus,No,66700000,0,1058500,180,1.0,Semi Perkotaan,Y
LP001637,Laki-Laki,Yes,1,Lulus,No,490767000,0,3770000,360,1.0,Semi Perkotaan,N
LP001639,Perempuan,Yes,0,Lulus,No,52562500,0,1566000,360,1.0,Semi Perkotaan,Y
LP001640,Laki-Laki,Yes,0,Lulus,Yes,567631500,68875000,1740000,360,1.0,Semi Perkotaan,Y
LP001641,Laki-Laki,Yes,1,Lulus,Yes,31581000,0,957000,300,0.0,Pedesaan,N
LP001643,Laki-Laki,Yes,0,Lulus,No,34553500,31001000,841000,360,0.0,Pedesaan,Y
LP001644,,Yes,0,Lulus,Yes,9773000,76792000,2436000,360,1.0,Pedesaan,Y
LP001647,Laki-Laki,Yes,0,Lulus,No,135256000,0,2726000,180,1.0,Pedesaan,Y
LP001653,Laki-Laki,No,0,Belum Lulus,No,70832500,0,696000,360,1.0,Pedesaan,Y
LP001656,Laki-Laki,No,0,Lulus,No,174000000,0,2378000,360,1.0,Semi Perkotaan,N
LP001657,Laki-Laki,Yes,0,Belum Lulus,No,87478500,0,2320000,360,1.0,Perkotaan,N
LP001658,Laki-Laki,No,0,Lulus,No,55941000,0,1102000,360,1.0,Semi Perkotaan,Y
LP001664,Laki-Laki,No,0,Lulus,No,60769500,0,1740000,360,1.0,Pedesaan,Y
LP001665,Laki-Laki,Yes,1,Lulus,No,45312500,37453500,2465000,360,1.0,Semi Perkotaan,N
LP001666,Laki-Laki,No,0,Lulus,No,120828500,54375000,2711500,360,1.0,Pedesaan,Y
LP001669,Perempuan,No,0,Belum Lulus,No,27651500,34292500,1740000,360,1.0,Perkotaan,Y
LP001671,Perempuan,Yes,0,Lulus,No,49532000,40832000,1638500,360,0.0,Semi Perkotaan,Y
LP001673,Laki-Laki,No,0,Lulus,Yes,159500000,0,1203500,360,1.0,Perkotaan,N
LP001674,Laki-Laki,Yes,1,Belum Lulus,No,37700000,36250000,1305000,360,1.0,Semi Perkotaan,Y
LP001677,Laki-Laki,No,2,Lulus,No,71383500,0,2407000,360,0.0,Semi Perkotaan,Y
LP001682,Laki-Laki,Yes,3+,Belum Lulus,No,57884000,0,0,180,1.0,Perkotaan,N
LP001688,Laki-Laki,Yes,1,Belum Lulus,No,50750000,15703500,1957500,360,1.0,Perkotaan,Y
LP001691,Laki-Laki,Yes,2,Belum Lulus,No,56796500,0,1798000,360,1.0,Semi Perkotaan,Y
LP001692,Perempuan,No,0,Belum Lulus,No,63916000,0,1740000,360,1.0,Semi Perkotaan,Y
LP001693,Perempuan,No,0,Lulus,No,47038000,0,1160000,360,1.0,Perkotaan,Y
LP001698,Laki-Laki,No,0,Belum Lulus,No,57637500,36699500,797500,360,1.0,Pedesaan,Y
LP001699,Laki-Laki,No,0,Lulus,No,35945500,0,855500,360,1.0,Perkotaan,Y
LP001702,Laki-Laki,No,0,Lulus,No,49561000,0,1841500,360,1.0,Semi Perkotaan,N
LP001708,Perempuan,No,0,Lulus,No,145000000,0,3103000,360,1.0,Semi Perkotaan,N
LP001711,Laki-Laki,Yes,3+,Lulus,No,49735000,18125000,1856000,360,0.0,Semi Perkotaan,N
LP001713,Laki-Laki,Yes,1,Lulus,Yes,112911500,0,3480000,360,1.0,Perkotaan,Y
LP001715,Laki-Laki,Yes,3+,Belum Lulus,Yes,82693500,0,1885000,360,1.0,Pedesaan,Y
LP001716,Laki-Laki,Yes,0,Lulus,No,46008500,43804500,1986500,360,1.0,Perkotaan,Y
LP001720,Laki-Laki,Yes,3+,Belum Lulus,No,55825000,14253500,1450000,360,1.0,Semi Perkotaan,Y
LP001722,Laki-Laki,Yes,0,Lulus,No,2175000,26100000,1957500,360,1.0,Pedesaan,N
LP001726,Laki-Laki,Yes,0,Lulus,No,54041500,25737500,1899500,360,1.0,Semi Perkotaan,Y
LP001732,Laki-Laki,Yes,2,Lulus,,72500000,0,1044000,360,0.0,Semi Perkotaan,N
LP001734,Perempuan,Yes,2,Lulus,No,62103500,34553500,1841500,360,0.0,Semi Perkotaan,Y
LP001736,Laki-Laki,Yes,0,Lulus,No,32204500,0,870000,360,0.0,Perkotaan,N
LP001743,Laki-Laki,Yes,2,Lulus,No,58130500,24896500,1682000,360,1.0,Semi Perkotaan,Y
LP001744,Laki-Laki,No,0,Lulus,No,43079500,40469500,2088000,360,1.0,Semi Perkotaan,Y
LP001749,Laki-Laki,Yes,0,Lulus,No,109881000,14645000,2537500,360,1.0,Semi Perkotaan,Y
LP001750,Laki-Laki,Yes,0,Lulus,No,90625000,0,1856000,360,1.0,Semi Perkotaan,Y
LP001751,Laki-Laki,Yes,0,Lulus,No,47125000,0,2465000,360,1.0,Pedesaan,N
LP001754,Laki-Laki,Yes,,Belum Lulus,Yes,68657500,0,2001000,360,1.0,Perkotaan,N
LP001758,Laki-Laki,Yes,2,Lulus,No,90625000,24577500,3045000,360,1.0,Semi Perkotaan,Y
LP001760,Laki-Laki,,,Lulus,No,68991000,0,2291000,480,1.0,Semi Perkotaan,Y
LP001761,Laki-Laki,No,0,Lulus,Yes,92800000,0,2900000,360,1.0,Pedesaan,Y
LP001765,Laki-Laki,Yes,1,Lulus,No,36119500,29783000,1508000,360,1.0,Semi Perkotaan,Y
LP001768,Laki-Laki,Yes,0,Lulus,,53882000,0,609000,180,1.0,Pedesaan,Y
LP001770,Laki-Laki,No,0,Belum Lulus,No,46240500,37671000,1740000,360,1.0,Pedesaan,Y
LP001776,Perempuan,No,0,Lulus,No,120828500,0,4060000,360,1.0,Semi Perkotaan,Y
LP001778,Laki-Laki,Yes,1,Lulus,No,45747500,25795500,2030000,360,1.0,Semi Perkotaan,Y
LP001784,Laki-Laki,Yes,1,Lulus,No,79750000,18270000,2465000,360,1.0,Pedesaan,Y
LP001786,Laki-Laki,Yes,0,Lulus,,83317000,0,3697500,360,0.0,Perkotaan,N
LP001788,Perempuan,No,0,Lulus,Yes,50213500,0,1769000,360,0.0,Perkotaan,Y
LP001790,Perempuan,No,1,Lulus,No,55274000,0,1624000,360,1.0,Pedesaan,Y
LP001792,Laki-Laki,Yes,1,Lulus,No,48067500,0,1392000,360,1.0,Semi Perkotaan,Y
LP001798,Laki-Laki,Yes,2,Lulus,No,84375500,72500000,1740000,360,1.0,Pedesaan,Y
LP001800,Laki-Laki,Yes,1,Belum Lulus,No,36395000,28753500,2030000,180,1.0,Perkotaan,N
LP001806,Laki-Laki,No,0,Lulus,No,42992500,82664500,2247500,60,1.0,Perkotaan,Y
LP001807,Laki-Laki,Yes,2,Lulus,Yes,90625000,18850000,1566000,360,1.0,Pedesaan,Y
LP001811,Laki-Laki,Yes,0,Belum Lulus,No,49387000,64046500,1783500,360,1.0,Semi Perkotaan,Y
LP001813,Laki-Laki,No,0,Lulus,Yes,87725000,62828500,1740000,180,1.0,Perkotaan,N
LP001814,Laki-Laki,Yes,2,Lulus,No,140693500,0,1624000,360,1.0,Perkotaan,Y
LP001819,Laki-Laki,Yes,1,Belum Lulus,No,95816000,0,1986500,180,1.0,Perkotaan,Y
LP001824,Laki-Laki,Yes,1,Lulus,No,41789000,26723500,1783500,480,1.0,Semi Perkotaan,Y
LP001825,Laki-Laki,Yes,0,Lulus,No,26230500,27086000,1305000,360,1.0,Perkotaan,Y
LP001835,Laki-Laki,Yes,0,Belum Lulus,No,24186000,56405000,2914500,360,0.0,Semi Perkotaan,N
LP001836,Perempuan,No,2,Lulus,No,49691500,0,2001000,360,1.0,Perkotaan,N
LP001841,Laki-Laki,No,0,Belum Lulus,Yes,37453500,31421500,1508000,360,1.0,Pedesaan,Y
LP001843,Laki-Laki,Yes,1,Belum Lulus,No,38584500,102964500,4045500,180,1.0,Semi Perkotaan,Y
LP001844,Laki-Laki,No,0,Lulus,Yes,235625000,0,2784000,360,0.0,Perkotaan,N
LP001846,Perempuan,No,3+,Lulus,No,44703500,0,3697500,360,1.0,Pedesaan,Y
LP001849,Laki-Laki,No,0,Belum Lulus,No,87652500,0,1667500,360,0.0,Pedesaan,N
LP001854,Laki-Laki,Yes,3+,Lulus,No,76125000,0,1363000,360,1.0,Perkotaan,N
LP001859,Laki-Laki,Yes,0,Lulus,No,212903500,30450000,4408000,360,1.0,Pedesaan,N
LP001864,Laki-Laki,Yes,3+,Belum Lulus,No,71499500,0,1856000,360,0.0,Semi Perkotaan,N
LP001865,Laki-Laki,Yes,1,Lulus,No,88203500,61625000,4785000,360,0.0,Perkotaan,Y
LP001868,Laki-Laki,No,0,Lulus,No,29870000,32030500,1943000,360,1.0,Semi Perkotaan,Y
LP001870,Perempuan,No,1,Lulus,No,50474500,0,2247500,36,1.0,Semi Perkotaan,N
LP001871,Perempuan,No,0,Lulus,No,104400000,0,1740000,360,1.0,Pedesaan,Y
LP001872,Laki-Laki,No,0,Lulus,Yes,74907000,0,1856000,360,1.0,Semi Perkotaan,Y
LP001875,Laki-Laki,No,0,Lulus,No,59377500,49981500,2189500,360,1.0,Pedesaan,Y
LP001877,Laki-Laki,Yes,2,Lulus,No,68266000,20111500,2175000,360,1.0,Semi Perkotaan,Y
LP001882,Laki-Laki,Yes,3+,Lulus,No,62828500,26259500,2320000,360,0.0,Perkotaan,Y
LP001883,Perempuan,No,0,Lulus,,49561000,0,1957500,360,1.0,Pedesaan,N
LP001884,Perempuan,No,1,Lulus,No,41702000,22620000,1305000,360,1.0,Perkotaan,Y
LP001888,Perempuan,No,0,Lulus,No,46936500,0,435000,360,1.0,Perkotaan,Y
LP001891,Laki-Laki,Yes,0,Lulus,No,161617000,0,1972000,360,1.0,Perkotaan,Y
LP001892,Laki-Laki,No,0,Lulus,No,41078500,26926500,1827000,360,1.0,Pedesaan,Y
LP001894,Laki-Laki,Yes,0,Lulus,No,37990000,32233500,2175000,360,1.0,Semi Perkotaan,Y
LP001896,Laki-Laki,Yes,2,Lulus,No,56550000,0,1305000,360,1.0,Semi Perkotaan,Y
LP001900,Laki-Laki,Yes,1,Lulus,No,39875000,26709000,1667500,360,1.0,Semi Perkotaan,Y
LP001903,Laki-Laki,Yes,0,Lulus,No,57898500,47473000,3001500,360,1.0,Semi Perkotaan,Y
LP001904,Laki-Laki,Yes,0,Lulus,No,44993500,18850000,1160000,360,1.0,Perkotaan,Y
LP001907,Laki-Laki,Yes,0,Lulus,No,211453500,0,6322000,360,1.0,Semi Perkotaan,Y
LP001908,Perempuan,Yes,0,Belum Lulus,No,59450000,0,1798000,360,0.0,Pedesaan,Y
LP001910,Laki-Laki,No,1,Belum Lulus,Yes,58768500,35177000,2291000,360,0.0,Perkotaan,N
LP001914,Laki-Laki,Yes,0,Lulus,No,56941500,11600000,1624000,360,1.0,Semi Perkotaan,Y
LP001915,Laki-Laki,Yes,2,Lulus,No,33364500,14297000,1131000,180,1.0,Perkotaan,Y
LP001917,Perempuan,No,0,Lulus,No,26259500,24157000,783000,360,1.0,Perkotaan,Y
LP001922,Laki-Laki,Yes,0,Lulus,No,299671500,0,0,360,1.0,Pedesaan,N
LP001924,Laki-Laki,No,0,Lulus,No,45791000,44268500,1290500,360,1.0,Pedesaan,Y
LP001925,Perempuan,No,0,Lulus,Yes,37700000,24896500,1435500,300,1.0,Semi Perkotaan,N
LP001926,Laki-Laki,Yes,0,Lulus,No,53708000,29000000,1740000,360,1.0,Pedesaan,Y
LP001931,Perempuan,No,0,Lulus,No,59798000,0,1667500,360,1.0,Semi Perkotaan,Y
LP001935,Laki-Laki,No,0,Lulus,No,137866000,0,2711500,360,1.0,Pedesaan,Y
LP001936,Laki-Laki,Yes,0,Lulus,No,44587500,35032000,2015500,360,1.0,Pedesaan,Y
LP001938,Laki-Laki,Yes,2,Lulus,No,63800000,0,1841500,360,0.0,Semi Perkotaan,N
LP001940,Laki-Laki,Yes,2,Lulus,No,45718500,22620000,1943000,360,1.0,Perkotaan,Y
LP001945,Perempuan,No,,Lulus,No,78546500,0,2073500,480,0.0,Perkotaan,N
LP001947,Laki-Laki,Yes,0,Lulus,No,34553500,48343000,2494000,360,1.0,Semi Perkotaan,Y
LP001949,Laki-Laki,Yes,3+,Lulus,,64032000,18125000,1595000,360,1.0,Perkotaan,Y
LP001953,Laki-Laki,Yes,1,Lulus,No,99687500,0,2900000,360,1.0,Semi Perkotaan,Y
LP001954,Perempuan,Yes,1,Lulus,No,67657000,0,1957500,360,1.0,Perkotaan,Y
LP001955,Perempuan,No,0,Lulus,No,72500000,36844500,2189500,480,1.0,Pedesaan,N
LP001963,Laki-Laki,Yes,1,Lulus,No,29203000,42412500,1638500,360,1.0,Perkotaan,N
LP001964,Laki-Laki,Yes,0,Belum Lulus,No,26100000,42543000,1348500,360,0.0,Perkotaan,N
LP001972,Laki-Laki,Yes,,Belum Lulus,No,41687500,25375000,1522500,360,1.0,Semi Perkotaan,Y
LP001974,Perempuan,No,0,Lulus,No,72500000,0,1914000,360,1.0,Pedesaan,Y
LP001977,Laki-Laki,Yes,1,Lulus,No,23562500,26143500,1392000,360,1.0,Perkotaan,Y
LP001978,Laki-Laki,No,0,Lulus,No,58000000,36250000,2030000,360,1.0,Pedesaan,Y
LP001990,Laki-Laki,No,0,Belum Lulus,No,29000000,0,0,360,1.0,Perkotaan,N
LP001993,Perempuan,No,0,Lulus,No,54549000,24157000,1957500,360,1.0,Pedesaan,Y
LP001994,Perempuan,No,0,Lulus,No,34800000,27013500,1508000,360,0.0,Perkotaan,N
LP001996,Laki-Laki,No,0,Lulus,No,293378500,0,6960000,360,1.0,Pedesaan,N
LP001998,Laki-Laki,Yes,2,Belum Lulus,No,111171500,0,2682500,360,0.0,Pedesaan,Y
LP002002,Perempuan,No,0,Lulus,No,42296500,0,1218000,360,1.0,Semi Perkotaan,Y
LP002004,Laki-Laki,No,0,Belum Lulus,No,42441500,34872500,1609500,360,1.0,Semi Perkotaan,Y
LP002006,Perempuan,No,0,Lulus,No,36351500,0,812000,360,1.0,Pedesaan,Y
LP002008,Laki-Laki,Yes,2,Lulus,Yes,83317000,0,2088000,84,0.0,Pedesaan,Y
LP002024,,Yes,0,Lulus,No,35858500,26723500,2305500,360,1.0,Pedesaan,N
LP002031,Laki-Laki,Yes,1,Belum Lulus,No,49285500,23780000,1609500,180,1.0,Perkotaan,Y
LP002035,Laki-Laki,Yes,2,Lulus,No,53896500,0,1740000,360,1.0,Semi Perkotaan,Y
LP002036,Laki-Laki,Yes,0,Lulus,No,29841000,30943000,1276000,360,0.0,Perkotaan,Y
LP002043,Perempuan,No,1,Lulus,No,51344500,0,1624000,360,0.0,Semi Perkotaan,Y
LP002050,Laki-Laki,Yes,1,Lulus,Yes,145000000,0,2247500,360,1.0,Pedesaan,N
LP002051,Laki-Laki,Yes,0,Lulus,No,34800000,31421500,1667500,360,1.0,Semi Perkotaan,Y
LP002053,Laki-Laki,Yes,3+,Lulus,No,62959000,2740500,1798000,360,1.0,Semi Perkotaan,Y
LP002054,Laki-Laki,Yes,2,Belum Lulus,No,52214500,23055000,0,360,1.0,Pedesaan,Y
LP002055,Perempuan,No,0,Lulus,No,45907000,43282500,1914000,360,0.0,Pedesaan,Y
LP002065,Laki-Laki,Yes,3+,Lulus,No,217500000,0,4350000,360,1.0,Pedesaan,Y
LP002067,Laki-Laki,Yes,1,Lulus,Yes,125657000,72253500,5452000,360,0.0,Pedesaan,N
LP002068,Laki-Laki,No,0,Lulus,No,71296500,0,1885000,360,0.0,Pedesaan,Y
LP002082,Laki-Laki,Yes,0,Lulus,Yes,84361000,31320000,2668000,360,1.0,Semi Perkotaan,Y
LP002086,Perempuan,Yes,0,Lulus,No,62828500,35539500,1595000,360,1.0,Perkotaan,N
LP002087,Perempuan,No,0,Lulus,No,36250000,0,971500,360,1.0,Perkotaan,Y
LP002097,Laki-Laki,No,1,Lulus,No,63568000,25998500,1696500,360,1.0,Perkotaan,Y
LP002098,Laki-Laki,No,0,Lulus,No,42557500,0,1421000,360,1.0,Semi Perkotaan,Y
LP002100,Laki-Laki,No,,Lulus,No,41078500,0,1029500,360,1.0,Perkotaan,Y
LP002101,Laki-Laki,Yes,0,Lulus,,918386500,0,7105000,180,1.0,Perkotaan,Y
LP002103,,Yes,1,Lulus,Yes,142578500,26578500,2639000,180,1.0,Perkotaan,Y
LP002106,Laki-Laki,Yes,,Lulus,Yes,79793500,65105000,1015000,180,1.0,Semi Perkotaan,Y
LP002110,Laki-Laki,Yes,1,Lulus,,76125000,9976000,2320000,360,1.0,Pedesaan,Y
LP002112,Laki-Laki,Yes,2,Lulus,Yes,36250000,66700000,2552000,360,1.0,Pedesaan,Y
LP002113,Perempuan,No,3+,Belum Lulus,No,26535000,0,0,360,0.0,Perkotaan,N
LP002114,Perempuan,No,0,Lulus,No,60320000,0,1029500,360,1.0,Semi Perkotaan,Y
LP002115,Laki-Laki,Yes,3+,Belum Lulus,No,38381500,23011500,2508500,360,1.0,Pedesaan,N
LP002116,Perempuan,No,0,Lulus,No,34481000,0,667000,360,1.0,Pedesaan,N
LP002119,Laki-Laki,Yes,1,Belum Lulus,No,66033000,17820500,2291000,360,1.0,Perkotaan,Y
LP002126,Laki-Laki,Yes,3+,Belum Lulus,No,46008500,0,1073000,360,1.0,Semi Perkotaan,Y
LP002128,Laki-Laki,Yes,2,Lulus,,37453500,33785000,1812500,360,1.0,Pedesaan,Y
LP002129,Laki-Laki,Yes,0,Lulus,No,36235500,35641000,2320000,360,1.0,Semi Perkotaan,Y
LP002130,Laki-Laki,Yes,,Belum Lulus,No,51083500,46835000,2204000,360,0.0,Pedesaan,N
LP002131,Laki-Laki,Yes,2,Belum Lulus,No,44703500,31436000,1827000,360,1.0,Perkotaan,Y
LP002137,Laki-Laki,Yes,0,Lulus,No,91828500,66453500,3755500,360,,Semi Perkotaan,Y
LP002138,Laki-Laki,Yes,0,Lulus,No,38062500,90625000,2711500,360,1.0,Pedesaan,Y
LP002139,Laki-Laki,Yes,0,Lulus,No,131703500,0,3306000,360,1.0,Semi Perkotaan,Y
LP002140,Laki-Laki,No,0,Lulus,No,126875000,60421500,4466000,360,1.0,Pedesaan,N
LP002141,Laki-Laki,Yes,3+,Lulus,No,38657000,30203500,1377500,360,1.0,Pedesaan,Y
LP002142,Perempuan,Yes,0,Lulus,Yes,79750000,0,1522500,360,0.0,Pedesaan,N
LP002143,Perempuan,Yes,0,Lulus,No,35133500,7322500,1885000,360,1.0,Semi Perkotaan,Y
LP002144,Perempuan,No,,Lulus,No,55288500,0,1682000,180,1.0,Perkotaan,Y
LP002149,Laki-Laki,Yes,2,Lulus,No,120828500,45921500,2392500,360,1.0,Pedesaan,Y
LP002151,Laki-Laki,Yes,1,Lulus,No,56187500,0,971500,360,1.0,Perkotaan,N
LP002158,Laki-Laki,Yes,0,Belum Lulus,No,43500000,24157000,1450000,480,0.0,Perkotaan,N
LP002160,Laki-Laki,Yes,3+,Lulus,No,74921500,45921500,2900000,360,1.0,Semi Perkotaan,Y
LP002161,Perempuan,No,1,Lulus,No,68483500,0,1174500,360,1.0,Semi Perkotaan,N
LP002170,Laki-Laki,Yes,2,Lulus,No,72500000,53171500,3422000,360,1.0,Semi Perkotaan,Y
LP002175,Laki-Laki,Yes,0,Lulus,No,68875000,33828500,1885000,360,1.0,Perkotaan,Y
LP002178,Laki-Laki,Yes,0,Lulus,No,43688500,43978500,1377500,300,0.0,Perkotaan,Y
LP002180,Laki-Laki,No,0,Lulus,Yes,98919000,0,2044500,360,1.0,Pedesaan,Y
LP002181,Laki-Laki,No,0,Belum Lulus,No,90132000,0,1928500,360,1.0,Pedesaan,N
LP002187,Laki-Laki,No,0,Lulus,No,36250000,0,1392000,480,1.0,Semi Perkotaan,N
LP002188,Laki-Laki,No,0,Lulus,No,74298000,0,1798000,360,0.0,Pedesaan,N
LP002190,Laki-Laki,Yes,1,Lulus,No,91712500,0,2537500,360,1.0,Semi Perkotaan,Y
LP002191,Laki-Laki,Yes,0,Lulus,No,286085000,76357000,8265000,360,1.0,Pedesaan,N
LP002194,Perempuan,No,0,Lulus,Yes,228505500,0,797500,360,1.0,Semi Perkotaan,Y
LP002197,Laki-Laki,Yes,2,Lulus,No,75182500,0,2247500,360,1.0,Semi Perkotaan,Y
LP002201,Laki-Laki,Yes,2,Lulus,Yes,135183500,114158500,5510000,300,1.0,Pedesaan,Y
LP002205,Laki-Laki,No,1,Lulus,No,44399000,28811500,1609500,180,0.0,Perkotaan,N
LP002209,Perempuan,No,0,Lulus,,40078000,21155500,1595000,360,1.0,Perkotaan,Y
LP002211,Laki-Laki,Yes,0,Lulus,No,69846500,13383500,1740000,180,1.0,Perkotaan,Y
LP002219,Laki-Laki,Yes,3+,Lulus,No,126875000,72442000,1885000,360,1.0,Pedesaan,Y
LP002223,Laki-Laki,Yes,0,Lulus,No,62495000,0,1885000,360,0.0,Semi Perkotaan,Y
LP002224,Laki-Laki,No,0,Lulus,No,44500500,0,1029500,480,1.0,Perkotaan,N
LP002225,Laki-Laki,Yes,2,Lulus,No,78169500,0,1885000,360,1.0,Perkotaan,Y
LP002226,Laki-Laki,Yes,0,Lulus,,48328500,36250000,1856000,360,1.0,Semi Perkotaan,Y
LP002229,Laki-Laki,No,0,Lulus,No,86144500,61364000,4292000,360,1.0,Semi Perkotaan,Y
LP002231,Perempuan,No,0,Lulus,No,87000000,0,2262000,360,1.0,Perkotaan,Y
LP002234,Laki-Laki,No,0,Lulus,Yes,103921500,0,1856000,360,1.0,Perkotaan,Y
LP002236,Laki-Laki,Yes,2,Lulus,No,66207000,0,1450000,360,1.0,Perkotaan,N
LP002237,Laki-Laki,No,1,Lulus,,53171500,0,1638500,180,1.0,Perkotaan,Y
LP002239,Laki-Laki,No,0,Belum Lulus,No,34017000,23200000,1914000,360,1.0,Semi Perkotaan,Y
LP002243,Laki-Laki,Yes,0,Belum Lulus,No,43645000,45472000,0,360,0.0,Perkotaan,N
LP002244,Laki-Laki,Yes,0,Lulus,No,33828500,35046500,1972000,360,1.0,Perkotaan,Y
LP002250,Laki-Laki,Yes,0,Lulus,No,79576000,0,1812500,360,1.0,Pedesaan,Y
LP002255,Laki-Laki,No,3+,Lulus,No,132921500,0,2682500,360,1.0,Pedesaan,Y
LP002262,Laki-Laki,Yes,3+,Lulus,No,137808000,0,3987500,360,1.0,Pedesaan,Y
LP002263,Laki-Laki,Yes,0,Lulus,No,37453500,30667500,1740000,360,0.0,Perkotaan,Y
LP002265,Laki-Laki,Yes,2,Belum Lulus,No,28898500,23562500,1638500,180,1.0,Semi Perkotaan,Y
LP002266,Laki-Laki,Yes,2,Lulus,No,44950000,20300000,1638500,360,1.0,Perkotaan,Y
LP002272,Laki-Laki,Yes,2,Lulus,No,47502000,7018000,1957500,360,0.0,Semi Perkotaan,Y
LP002277,Perempuan,No,0,Lulus,No,46110000,0,1029500,360,0.0,Perkotaan,N
LP002281,Laki-Laki,Yes,0,Lulus,No,43978500,21155500,1377500,360,1.0,Perkotaan,Y
LP002284,Laki-Laki,No,0,Belum Lulus,No,56579000,24157000,1580500,360,1.0,Pedesaan,Y
LP002287,Perempuan,No,0,Lulus,No,21750000,26100000,1493500,360,0.0,Semi Perkotaan,N
LP002288,Laki-Laki,Yes,2,Belum Lulus,No,41890500,0,652500,180,0.0,Perkotaan,N
LP002296,Laki-Laki,No,0,Belum Lulus,No,39947500,0,942500,300,1.0,Pedesaan,N
LP002297,Laki-Laki,No,0,Lulus,No,36250000,290000000,1493500,360,1.0,Semi Perkotaan,Y
LP002300,Perempuan,No,0,Belum Lulus,No,28463500,0,768500,360,1.0,Semi Perkotaan,Y
LP002301,Perempuan,No,0,Lulus,Yes,107894500,0,2813000,360,1.0,Pedesaan,N
LP002305,Perempuan,No,0,Lulus,No,65931500,0,1667500,360,1.0,Semi Perkotaan,Y
LP002308,Laki-Laki,Yes,0,Belum Lulus,No,31421500,34800000,1667500,360,1.0,Perkotaan,Y
LP002314,Perempuan,No,0,Belum Lulus,No,32088500,0,957000,360,1.0,Pedesaan,Y
LP002315,Laki-Laki,Yes,1,Lulus,No,120350000,0,2204000,300,0.0,Semi Perkotaan,N
LP002317,Laki-Laki,Yes,3+,Lulus,No,1174500000,0,5220000,360,0.0,Pedesaan,N
LP002318,Perempuan,No,1,Belum Lulus,Yes,56071500,0,899000,360,1.0,Semi Perkotaan,N
LP002319,Laki-Laki,Yes,0,Lulus,,90712000,0,2320000,360,0.0,Perkotaan,Y
LP002328,Laki-Laki,Yes,0,Belum Lulus,No,88392000,0,3161000,360,0.0,Pedesaan,N
LP002332,Laki-Laki,Yes,0,Belum Lulus,No,32668500,29478500,1595000,360,1.0,Pedesaan,Y
LP002335,Perempuan,Yes,0,Belum Lulus,No,31160500,46936500,2581000,360,0.0,Semi Perkotaan,N
LP002337,Perempuan,No,0,Lulus,No,43427500,0,870000,360,1.0,Perkotaan,Y
LP002341,Perempuan,No,1,Lulus,No,37700000,0,2320000,360,1.0,Perkotaan,N
LP002342,Laki-Laki,Yes,2,Lulus,Yes,23200000,290000000,3465500,360,1.0,Perkotaan,N
LP002345,Laki-Laki,Yes,0,Lulus,No,14862500,40208500,1624000,360,1.0,Pedesaan,Y
LP002347,Laki-Laki,Yes,0,Lulus,No,47067000,20546500,2001000,360,1.0,Semi Perkotaan,Y
LP002348,Laki-Laki,Yes,0,Lulus,No,84520500,0,2001000,360,1.0,Pedesaan,Y
LP002357,Perempuan,No,0,Belum Lulus,No,39440000,0,1160000,360,0.0,Perkotaan,N
LP002361,Laki-Laki,Yes,0,Lulus,No,26390000,24925500,1450000,360,1.0,Perkotaan,Y
LP002362,Laki-Laki,Yes,1,Lulus,No,105125000,24171500,1595000,360,0.0,Perkotaan,N
LP002364,Laki-Laki,Yes,0,Lulus,No,215760000,0,1392000,360,1.0,Semi Perkotaan,Y
LP002366,Laki-Laki,Yes,0,Lulus,No,38657000,62350000,1754500,360,1.0,Pedesaan,Y
LP002367,Perempuan,No,1,Belum Lulus,No,66787000,0,1174500,360,1.0,Pedesaan,N
LP002368,Laki-Laki,Yes,2,Lulus,No,86057500,0,1928500,360,1.0,Semi Perkotaan,Y
LP002369,Laki-Laki,Yes,0,Lulus,No,42340000,232000,1261500,360,1.0,Pedesaan,Y
LP002370,Laki-Laki,No,0,Belum Lulus,No,39396500,0,870000,180,1.0,Perkotaan,Y
LP002377,Perempuan,No,1,Lulus,Yes,125048000,0,2175000,360,1.0,Semi Perkotaan,Y
LP002379,Laki-Laki,No,0,Lulus,No,94250000,0,1522500,360,0.0,Pedesaan,N
LP002386,Laki-Laki,No,0,Lulus,,186702000,0,5872500,360,1.0,Semi Perkotaan,Y
LP002387,Laki-Laki,Yes,0,Lulus,No,35162500,33930000,2073500,360,1.0,Semi Perkotaan,Y
LP002390,Laki-Laki,No,0,Lulus,No,54375000,0,1450000,360,1.0,Perkotaan,Y
LP002393,Perempuan,,,Lulus,No,145681500,0,0,240,1.0,Semi Perkotaan,Y
LP002398,Laki-Laki,No,0,Lulus,No,27927000,26839500,725000,360,1.0,Semi Perkotaan,Y
LP002401,Laki-Laki,Yes,0,Lulus,No,32088500,16312500,0,360,1.0,Perkotaan,Y
LP002403,Laki-Laki,No,0,Lulus,Yes,151032000,0,2711500,360,0.0,Perkotaan,N
LP002407,Perempuan,Yes,0,Belum Lulus,Yes,103559000,0,2001000,360,1.0,Pedesaan,Y
LP002408,Laki-Laki,No,0,Lulus,No,53070000,73428000,2711500,360,1.0,Semi Perkotaan,Y
LP002409,Laki-Laki,Yes,0,Lulus,No,114564500,26578500,2610000,360,1.0,Pedesaan,Y
LP002418,Laki-Laki,No,3+,Belum Lulus,No,68251500,28898500,2146000,360,1.0,Semi Perkotaan,Y
LP002422,Laki-Laki,No,1,Lulus,No,546925500,0,2204000,360,1.0,Semi Perkotaan,Y
LP002424,Laki-Laki,Yes,0,Lulus,No,106328500,120828500,2537500,300,0.0,Pedesaan,Y
LP002429,Laki-Laki,Yes,1,Lulus,Yes,50257000,17545000,1885000,360,1.0,Pedesaan,Y
LP002434,Laki-Laki,Yes,2,Belum Lulus,No,67454000,0,1595000,360,1.0,Pedesaan,Y
LP002435,Laki-Laki,Yes,0,Lulus,,51315500,19952000,797500,360,1.0,Pedesaan,N
LP002443,Laki-Laki,Yes,2,Lulus,No,48430000,24795000,2175000,360,0.0,Pedesaan,N
LP002444,Laki-Laki,No,1,Belum Lulus,Yes,40150500,22359000,2755000,360,0.0,Semi Perkotaan,N
LP002446,Laki-Laki,Yes,2,Belum Lulus,No,33480500,18197500,1812500,360,0.0,Pedesaan,N
LP002447,Laki-Laki,Yes,2,Belum Lulus,No,28391000,21112000,870000,300,0.0,Perkotaan,Y
LP002448,Laki-Laki,Yes,0,Lulus,No,57246000,25128500,2160500,360,0.0,Pedesaan,N
LP002449,Laki-Laki,Yes,0,Lulus,No,36003500,35757000,1305000,180,0.0,Pedesaan,Y
LP002453,Laki-Laki,No,0,Lulus,Yes,102732500,0,1218000,360,1.0,Semi Perkotaan,Y
LP002455,Laki-Laki,Yes,2,Lulus,No,55955500,0,1392000,360,1.0,Semi Perkotaan,Y
LP002459,Laki-Laki,Yes,0,Lulus,No,62364500,0,1711000,360,1.0,Perkotaan,Y
LP002467,Laki-Laki,Yes,0,Lulus,No,53766000,37250500,2508500,360,1.0,Perkotaan,N
LP002472,Laki-Laki,No,2,Lulus,No,63133000,0,1972000,360,1.0,Pedesaan,Y
LP002473,Laki-Laki,Yes,0,Lulus,No,120843000,0,2320000,360,1.0,Semi Perkotaan,N
LP002478,,Yes,0,Lulus,Yes,30203500,59203500,2320000,360,0.0,Semi Perkotaan,Y
LP002484,Laki-Laki,Yes,3+,Lulus,No,112230000,0,1856000,180,1.0,Perkotaan,Y
LP002487,Laki-Laki,Yes,0,Lulus,No,43717500,31726000,2218500,360,1.0,Pedesaan,Y
LP002489,Perempuan,No,1,Belum Lulus,,75269500,0,1914000,360,1.0,Semi Perkotaan,Y
LP002493,Laki-Laki,No,0,Lulus,No,60407000,0,1421000,360,0.0,Semi Perkotaan,N
LP002494,Laki-Laki,No,0,Lulus,No,87000000,0,2030000,360,1.0,Pedesaan,Y
LP002500,Laki-Laki,Yes,3+,Belum Lulus,No,42731500,24128000,1015000,180,0.0,Perkotaan,N
LP002501,,Yes,0,Lulus,No,242034000,0,1595000,360,1.0,Semi Perkotaan,Y
LP002502,Perempuan,Yes,2,Belum Lulus,,3045000,42296500,1421000,360,1.0,Semi Perkotaan,Y
LP002505,Laki-Laki,Yes,0,Lulus,No,62828500,35539500,1595000,360,1.0,Perkotaan,N
LP002515,Laki-Laki,Yes,1,Lulus,Yes,50025000,30145500,2349000,360,1.0,Semi Perkotaan,Y
LP002517,Laki-Laki,Yes,1,Belum Lulus,No,38468500,21750000,1638500,180,0.0,Pedesaan,N
LP002519,Laki-Laki,Yes,3+,Lulus,No,68019500,0,1450000,360,1.0,Semi Perkotaan,Y
LP002522,Perempuan,No,0,Lulus,Yes,36250000,0,1348500,360,0.0,Perkotaan,Y
LP002524,Laki-Laki,No,2,Lulus,No,80214000,67396000,2349000,360,1.0,Pedesaan,Y
LP002527,Laki-Laki,Yes,2,Lulus,Yes,239612500,14703000,2175000,360,1.0,Pedesaan,Y
LP002529,Laki-Laki,Yes,2,Lulus,No,97150000,25375000,3335000,300,1.0,Semi Perkotaan,Y
LP002530,,Yes,2,Lulus,No,41658500,27144000,1914000,360,0.0,Semi Perkotaan,N
LP002531,Laki-Laki,Yes,1,Lulus,Yes,241671500,32625000,1247000,360,1.0,Semi Perkotaan,Y
LP002533,Laki-Laki,Yes,2,Lulus,No,42731500,23243500,0,360,1.0,Perkotaan,N
LP002534,Perempuan,No,0,Belum Lulus,No,63075000,0,2233000,360,1.0,Pedesaan,Y
LP002536,Laki-Laki,Yes,3+,Belum Lulus,No,44877500,0,1638500,360,1.0,Pedesaan,Y
LP002537,Laki-Laki,Yes,0,Lulus,No,30203500,45675000,1856000,360,1.0,Semi Perkotaan,Y
LP002541,Laki-Laki,Yes,0,Lulus,No,157078500,0,3393000,360,1.0,Semi Perkotaan,Y
LP002543,Laki-Laki,Yes,2,Lulus,No,120828500,0,3567000,360,1.0,Semi Perkotaan,Y
LP002544,Laki-Laki,Yes,1,Belum Lulus,No,28391000,35322000,1899500,360,1.0,Pedesaan,Y
LP002545,Laki-Laki,No,2,Lulus,No,51431500,0,1160000,360,0.0,Pedesaan,N
LP002547,Laki-Laki,Yes,1,Lulus,No,265828500,0,7250000,360,1.0,Perkotaan,N
LP002555,Laki-Laki,Yes,2,Lulus,Yes,66453500,30203500,2320000,360,1.0,Semi Perkotaan,Y
LP002556,Laki-Laki,No,0,Lulus,No,35307500,0,1087500,360,1.0,Perkotaan,N
LP002560,Laki-Laki,No,0,Belum Lulus,No,39135500,40382500,1392000,360,0.0,Semi Perkotaan,Y
LP002562,Laki-Laki,Yes,1,Belum Lulus,No,77328500,16399500,2697000,360,0.0,Perkotaan,Y
LP002571,Laki-Laki,No,0,Belum Lulus,No,53519500,0,1595000,360,1.0,Pedesaan,Y
LP002582,Perempuan,No,0,Belum Lulus,Yes,250313500,0,3262500,360,1.0,Semi Perkotaan,Y
LP002585,Laki-Laki,Yes,0,Lulus,No,52156500,31276500,1725500,360,0.0,Pedesaan,N
LP002586,Perempuan,Yes,1,Lulus,No,48227000,13238500,1522500,84,1.0,Semi Perkotaan,Y
LP002587,Laki-Laki,Yes,0,Belum Lulus,No,37700000,24650000,1551500,360,1.0,Pedesaan,Y
LP002588,Laki-Laki,Yes,0,Lulus,No,67062500,41426500,1609500,12,0.0,Perkotaan,Y
LP002600,Laki-Laki,Yes,1,Lulus,Yes,41977500,0,1377500,360,1.0,Semi Perkotaan,Y
LP002602,Laki-Laki,No,0,Lulus,No,91103500,64032000,3030500,360,0.0,Pedesaan,N
LP002603,Perempuan,No,0,Lulus,No,9352500,53403500,1638500,480,1.0,Pedesaan,Y
LP002606,Perempuan,No,0,Lulus,No,45805500,0,1450000,360,1.0,Semi Perkotaan,Y
LP002615,Laki-Laki,Yes,2,Lulus,No,70542500,81548000,3016000,360,1.0,Semi Perkotaan,Y
LP002618,Laki-Laki,Yes,1,Belum Lulus,No,58725000,76879000,2001000,360,0.0,Pedesaan,N
LP002619,Laki-Laki,Yes,0,Belum Lulus,No,55303000,21503500,1798000,300,1.0,Semi Perkotaan,Y
LP002622,Laki-Laki,Yes,2,Lulus,No,50895000,64032000,3523500,360,1.0,Pedesaan,Y
LP002624,Laki-Laki,Yes,0,Lulus,No,302078500,96671500,6960000,360,0.0,Perkotaan,Y
LP002625,,No,0,Lulus,No,51953500,0,1392000,360,1.0,Perkotaan,N
LP002626,Laki-Laki,Yes,0,Lulus,Yes,35945500,43688500,2726000,360,1.0,Perkotaan,Y
LP002634,Perempuan,No,1,Lulus,No,192299000,0,580000,360,1.0,Perkotaan,Y
LP002637,Laki-Laki,No,0,Belum Lulus,No,52171000,18661500,1450000,360,1.0,Pedesaan,N
LP002640,Laki-Laki,Yes,1,Lulus,No,87942500,29058000,3625000,360,1.0,Semi Perkotaan,Y
LP002643,Laki-Laki,Yes,2,Lulus,No,47603500,29507500,2146000,360,1.0,Perkotaan,Y
LP002648,Laki-Laki,Yes,0,Lulus,No,30885000,96657000,1015000,180,1.0,Semi Perkotaan,N
LP002652,Laki-Laki,No,0,Lulus,No,84317500,53157000,4509500,360,1.0,Pedesaan,N
LP002659,Laki-Laki,Yes,3+,Lulus,No,50257000,49706000,2175000,360,1.0,Pedesaan,Y
LP002670,Perempuan,Yes,2,Lulus,No,29449500,23664000,1638500,480,1.0,Semi Perkotaan,Y
LP002682,Laki-Laki,Yes,,Belum Lulus,No,44573000,26100000,1783500,360,0.0,Semi Perkotaan,N
LP002683,Laki-Laki,No,0,Lulus,No,67903500,27767500,2682500,360,1.0,Semi Perkotaan,N
LP002684,Perempuan,No,0,Belum Lulus,No,49300000,0,1377500,360,1.0,Pedesaan,N
LP002689,Laki-Laki,Yes,2,Belum Lulus,No,31784000,25259000,652500,360,1.0,Semi Perkotaan,Y
LP002690,Laki-Laki,No,0,Lulus,No,36250000,0,797500,360,1.0,Semi Perkotaan,Y
LP002692,Laki-Laki,Yes,3+,Lulus,Yes,82316500,20648000,1450000,360,1.0,Pedesaan,Y
LP002693,Laki-Laki,Yes,2,Lulus,Yes,115246000,103907000,6960000,360,1.0,Pedesaan,Y
LP002697,Laki-Laki,No,0,Lulus,No,67860000,30261500,0,360,1.0,Semi Perkotaan,N
LP002699,Laki-Laki,Yes,2,Lulus,Yes,253750000,0,5800000,360,1.0,Pedesaan,Y
LP002705,Laki-Laki,Yes,0,Lulus,No,54737500,0,1595000,360,1.0,Semi Perkotaan,Y
LP002706,Laki-Laki,Yes,1,Belum Lulus,No,76632500,20735000,2334500,360,0.0,Semi Perkotaan,Y
LP002714,Laki-Laki,No,1,Belum Lulus,No,38845500,18879000,1363000,360,1.0,Semi Perkotaan,Y
LP002716,Laki-Laki,No,0,Belum Lulus,No,98353500,0,1885000,360,1.0,Semi Perkotaan,Y
LP002717,Laki-Laki,Yes,0,Lulus,No,14862500,79750000,3132000,360,0.0,Pedesaan,Y
LP002720,Laki-Laki,Yes,3+,Lulus,No,62074500,0,1450000,360,1.0,Perkotaan,Y
LP002723,Laki-Laki,No,2,Lulus,No,52026000,0,1595000,360,0.0,Pedesaan,N
LP002729,Laki-Laki,No,1,Lulus,No,163125000,0,2842000,360,0.0,Semi Perkotaan,N
LP002731,Perempuan,No,0,Belum Lulus,Yes,263392500,0,1812500,360,1.0,Perkotaan,Y
LP002732,Laki-Laki,No,0,Belum Lulus,,36975000,29609000,1827000,360,1.0,Pedesaan,Y
LP002734,Laki-Laki,Yes,0,Lulus,No,88928500,56637000,4698000,360,1.0,Perkotaan,Y
LP002738,Laki-Laki,No,2,Lulus,No,52446500,0,1551500,360,1.0,Semi Perkotaan,Y
LP002739,Laki-Laki,Yes,0,Belum Lulus,No,42296500,7772000,957000,360,1.0,Pedesaan,N
LP002740,Laki-Laki,Yes,3+,Lulus,No,93046500,0,2276500,180,1.0,Pedesaan,Y
LP002741,Perempuan,Yes,1,Lulus,No,66816000,41252500,2030000,180,1.0,Semi Perkotaan,Y
LP002743,Perempuan,No,0,Lulus,No,31001000,0,1435500,360,0.0,Semi Perkotaan,N
LP002753,Perempuan,No,1,Lulus,,52954000,0,1377500,360,1.0,Semi Perkotaan,Y
LP002755,Laki-Laki,Yes,1,Belum Lulus,No,32465500,36598000,1856000,360,1.0,Perkotaan,Y
LP002757,Perempuan,Yes,0,Belum Lulus,No,43746500,9613500,1479000,360,0.0,Semi Perkotaan,Y
LP002767,Laki-Laki,Yes,0,Lulus,No,40136000,28275000,2247500,360,1.0,Pedesaan,Y
LP002768,Laki-Laki,No,0,Belum Lulus,No,48691000,0,1160000,36,1.0,Semi Perkotaan,N
LP002772,Laki-Laki,No,0,Lulus,No,36627000,25853500,2102500,360,1.0,Pedesaan,Y
LP002776,Perempuan,No,0,Lulus,No,72500000,0,1493500,360,0.0,Semi Perkotaan,N
LP002777,Laki-Laki,Yes,0,Lulus,No,40382500,29232000,1595000,360,1.0,Pedesaan,Y
LP002778,Laki-Laki,Yes,2,Lulus,Yes,96178500,0,0,360,0.0,Pedesaan,N
LP002784,Laki-Laki,Yes,1,Belum Lulus,No,36134000,34437500,0,360,1.0,Pedesaan,Y
LP002785,Laki-Laki,Yes,1,Lulus,No,48328500,47125000,2291000,360,1.0,Perkotaan,Y
LP002788,Laki-Laki,Yes,0,Belum Lulus,No,35583000,33828500,2624500,360,0.0,Perkotaan,N
LP002789,Laki-Laki,Yes,0,Lulus,No,52098500,61857000,1914000,180,0.0,Pedesaan,N
LP002792,Laki-Laki,Yes,1,Lulus,No,79286000,14964000,377000,360,1.0,Semi Perkotaan,Y
LP002794,Perempuan,No,0,Lulus,No,38671500,23562500,1218000,360,0.0,Perkotaan,Y
LP002795,Laki-Laki,Yes,3+,Lulus,Yes,147015500,0,3770000,360,1.0,Semi Perkotaan,Y
LP002798,Laki-Laki,Yes,0,Lulus,No,56361500,38700500,2349000,360,1.0,Semi Perkotaan,Y
LP002804,Perempuan,Yes,0,Lulus,No,60610000,33437000,2639000,360,1.0,Semi Perkotaan,Y
LP002807,Laki-Laki,Yes,2,Belum Lulus,No,53287500,3509000,1566000,360,1.0,Semi Perkotaan,Y
LP002813,Perempuan,Yes,1,Lulus,Yes,282518000,0,8700000,360,1.0,Semi Perkotaan,Y
LP002820,Laki-Laki,Yes,0,Lulus,No,85883500,29783000,3059500,360,1.0,Pedesaan,Y
LP002821,Laki-Laki,No,0,Belum Lulus,Yes,84100000,0,1914000,360,1.0,Semi Perkotaan,Y
LP002832,Laki-Laki,Yes,2,Lulus,No,127585500,0,3741000,360,0.0,Perkotaan,N
LP002833,Laki-Laki,Yes,0,Belum Lulus,No,64771500,0,1740000,360,0.0,Pedesaan,Y
LP002836,Laki-Laki,No,0,Lulus,No,48328500,0,1015000,360,1.0,Perkotaan,Y
LP002837,Laki-Laki,Yes,3+,Lulus,No,49300000,36250000,1783500,360,0.0,Pedesaan,N
LP002840,Perempuan,No,0,Lulus,No,34481000,0,130500,360,1.0,Perkotaan,N
LP002841,Laki-Laki,Yes,0,Lulus,No,45907000,29928000,1508000,360,0.0,Perkotaan,N
LP002842,Laki-Laki,Yes,1,Lulus,No,49546500,25375000,2697000,360,1.0,Perkotaan,Y
LP002847,Laki-Laki,Yes,,Lulus,No,74182000,21039500,2392500,360,0.0,Perkotaan,N
LP002855,Laki-Laki,Yes,2,Lulus,No,241657000,0,3987500,360,1.0,Perkotaan,Y
LP002862,Laki-Laki,Yes,2,Belum Lulus,No,88812500,23562500,2711500,480,1.0,Semi Perkotaan,N
LP002863,Laki-Laki,Yes,3+,Lulus,No,92887000,0,2175000,360,1.0,Semi Perkotaan,N
LP002868,Laki-Laki,Yes,2,Lulus,No,45805500,6684500,1566000,84,1.0,Perkotaan,Y
LP002872,,Yes,0,Lulus,No,44761500,32045000,1972000,360,0.0,Semi Perkotaan,N
LP002874,Laki-Laki,No,0,Lulus,No,46820500,39715500,1595000,360,1.0,Perkotaan,Y
LP002877,Laki-Laki,Yes,1,Lulus,No,25839000,32364000,1551500,360,1.0,Pedesaan,Y
LP002888,Laki-Laki,No,0,Lulus,,46139000,42296500,2334500,360,1.0,Perkotaan,Y
LP002892,Laki-Laki,Yes,2,Lulus,No,94830000,0,2972500,360,1.0,Semi Perkotaan,Y
LP002893,Laki-Laki,No,0,Lulus,No,26622000,490636500,1305000,360,1.0,Perkotaan,N
LP002894,Perempuan,Yes,0,Lulus,No,45907000,0,522000,360,1.0,Semi Perkotaan,Y
LP002898,Laki-Laki,Yes,1,Lulus,No,27260000,0,884500,360,0.0,Pedesaan,N
LP002911,Laki-Laki,Yes,1,Lulus,No,40411500,27796500,2117000,360,0.0,Pedesaan,N
LP002912,Laki-Laki,Yes,1,Lulus,No,62103500,43500000,2494000,84,1.0,Pedesaan,N
LP002916,Laki-Laki,Yes,0,Lulus,No,33306500,22069000,1508000,360,1.0,Perkotaan,Y
LP002917,Perempuan,No,0,Belum Lulus,No,31392500,0,1015000,360,1.0,Semi Perkotaan,Y
LP002925,,No,0,Lulus,No,68875000,0,1363000,360,1.0,Semi Perkotaan,Y
LP002926,Laki-Laki,Yes,2,Lulus,Yes,39527000,0,1537000,360,0.0,Semi Perkotaan,N
LP002928,Laki-Laki,Yes,0,Lulus,No,43500000,49532000,812000,180,1.0,Semi Perkotaan,Y
LP002931,Laki-Laki,Yes,2,Lulus,Yes,87000000,0,2972500,240,1.0,Semi Perkotaan,N
LP002933,,No,3+,Lulus,Yes,135676500,0,4234000,360,1.0,Semi Perkotaan,Y
LP002936,Laki-Laki,Yes,0,Lulus,No,55955500,47850000,2059000,180,1.0,Pedesaan,Y
LP002938,Laki-Laki,Yes,0,Lulus,Yes,233740000,0,3770000,360,1.0,Perkotaan,Y
LP002940,Laki-Laki,No,0,Belum Lulus,No,55578500,0,1595000,360,1.0,Pedesaan,Y
LP002941,Laki-Laki,Yes,2,Belum Lulus,Yes,92553500,14500000,2711500,360,1.0,Pedesaan,N
LP002943,Laki-Laki,No,,Lulus,No,43311500,0,1276000,360,0.0,Semi Perkotaan,N
LP002945,Laki-Laki,Yes,0,Lulus,Yes,144463500,0,2610000,360,1.0,Pedesaan,Y
LP002948,Laki-Laki,Yes,2,Lulus,No,83810000,0,2784000,360,1.0,Perkotaan,Y
LP002949,Perempuan,No,3+,Lulus,,6032000,604171500,5075000,180,0.0,Perkotaan,N
LP002950,Laki-Laki,Yes,0,Belum Lulus,,41963000,40484000,2247500,360,1.0,Pedesaan,Y
LP002953,Laki-Laki,Yes,3+,Lulus,No,82693500,0,1856000,360,1.0,Perkotaan,Y
LP002958,Laki-Laki,No,0,Lulus,No,53302000,62364500,2494000,360,1.0,Pedesaan,Y
LP002959,Perempuan,Yes,1,Lulus,No,174000000,0,7192000,360,1.0,Semi Perkotaan,Y
LP002960,Laki-Laki,Yes,0,Belum Lulus,No,34800000,55100000,0,180,1.0,Perkotaan,N
LP002961,Laki-Laki,Yes,1,Lulus,No,49300000,36250000,2508500,360,1.0,Semi Perkotaan,Y
LP002964,Laki-Laki,Yes,2,Belum Lulus,No,57811500,20459500,2276500,360,1.0,Pedesaan,Y
LP002974,Laki-Laki,Yes,0,Lulus,No,46864000,28275000,1566000,360,1.0,Pedesaan,Y
LP002978,Perempuan,No,0,Lulus,No,42050000,0,1029500,360,1.0,Pedesaan,Y
LP002979,Laki-Laki,Yes,3+,Lulus,No,59537000,0,580000,180,1.0,Pedesaan,Y
LP002983,Laki-Laki,Yes,1,Lulus,No,117044000,3480000,3668500,360,1.0,Perkotaan,Y
LP002984,Laki-Laki,Yes,2,Lulus,No,109953500,0,2711500,360,1.0,Perkotaan,Y
LP002990,Perempuan,No,0,Lulus,Yes,66453500,0,1928500,360,0.0,Semi Perkotaan,N
